Company,Price,Change,% Change,P/E,Volume,YTDchange,Symbol,url
3M,205.98,-0.25,-0.12%,23.5,1.5M,+15.35%,MMM,http://money.cnn.com/quote/quote.html?symb=MMM
A. O. Smith Corp,53.68,0.14,+0.26%,27.7,900.2K,+13.37%,AOS,http://money.cnn.com/quote/quote.html?symb=AOS
Abbott Laboratories,48.54,0.48,+1.00%,75.8,4.0M,+26.37%,ABT,http://money.cnn.com/quote/quote.html?symb=ABT
AbbVie,70.63,0.19,+0.27%,17.4,3.2M,+12.79%,ABBV,http://money.cnn.com/quote/quote.html?symb=ABBV
Accenture,128.2,-0.04,-0.03%,22.7,1.1M,+9.45%,ACN,http://money.cnn.com/quote/quote.html?symb=ACN
Activision Blizzard Inc,60.74,0.53,+0.88%,41.0,5.6M,+68.21%,ATVI,http://money.cnn.com/quote/quote.html?symb=ATVI
Acuity Brands Inc,185.69,0.61,+0.33%,25.9,376.1K,-19.57%,AYI,http://money.cnn.com/quote/quote.html?symb=AYI
Adobe,146.47,1.55,+1.07%,51.0,1.4M,+42.27%,ADBE,http://money.cnn.com/quote/quote.html?symb=ADBE
Advance Auto Parts Inc,107.34,1.21,+1.14%,19.4,1.9M,-36.53%,AAP,http://money.cnn.com/quote/quote.html?symb=AAP
Advanced Micro Devices Inc,12.23,0.11,+0.91%,NM,63.6M,+7.85%,AMD,http://money.cnn.com/quote/quote.html?symb=AMD
AES Corp,11.1,-0.28,-2.46%,NM,4.8M,-4.48%,AES,http://money.cnn.com/quote/quote.html?symb=AES
Aetna,152.15,-0.27,-0.18%,33.7,1.8M,+22.69%,AET,http://money.cnn.com/quote/quote.html?symb=AET
Affiliated Managers Group Inc,175.42,-0.19,-0.11%,19.4,414.2K,+20.73%,AMG,http://money.cnn.com/quote/quote.html?symb=AMG
Aflac Inc,80.75,-0.07,-0.09%,12.2,1.4M,+16.02%,AFL,http://money.cnn.com/quote/quote.html?symb=AFL
Agilent Technologies Inc,59.33,0.76,+1.30%,33.3,1.5M,+30.22%,A,http://money.cnn.com/quote/quote.html?symb=A
CVS Caremark,79.41,0.27,+0.34%,16.6,3.0M,+0.63%,CVS,http://money.cnn.com/quote/quote.html?symb=CVS
D.R. Horton Inc,36.09,0.2,+0.56%,13.5,1.9M,+32.05%,DHI,http://money.cnn.com/quote/quote.html?symb=DHI
Danaher Corp,79.82,0.53,+0.67%,25.6,2.4M,+2.54%,DHR,http://money.cnn.com/quote/quote.html?symb=DHR
Darden Restaurants Inc,83.34,0.81,+0.98%,21.8,1.1M,+14.60%,DRI,http://money.cnn.com/quote/quote.html?symb=DRI
Davita Inc,56.55,0.42,+0.75%,8.7,1.3M,-11.92%,DVA,http://money.cnn.com/quote/quote.html?symb=DVA
Deere & Co,126.7,-1.08,-0.85%,22.8,2.3M,+22.96%,DE,http://money.cnn.com/quote/quote.html?symb=DE
Delphi Automotive PLC,92.34,1.19,+1.31%,19.5,1.5M,+37.10%,DLPH,http://money.cnn.com/quote/quote.html?symb=DLPH
Delta Air Lines,49.48,0.44,+0.90%,9.8,6.3M,+0.59%,DAL,http://money.cnn.com/quote/quote.html?symb=DAL
Dentsply Sirona Inc,55.33,-0.17,-0.31%,36.9,3.6M,-4.16%,XRAY,http://money.cnn.com/quote/quote.html?symb=XRAY
Devon Energy Corp,31.61,-0.15,-0.47%,6.8,3.6M,-30.79%,DVN,http://money.cnn.com/quote/quote.html?symb=DVN
Digital Realty Trust Inc,111.82,-1.03,-0.91%,47.8,1.3M,+13.80%,DLR,http://money.cnn.com/quote/quote.html?symb=DLR
Discover Financial Services,59.64,-0.46,-0.77%,10.3,2.2M,-17.27%,DFS,http://money.cnn.com/quote/quote.html?symb=DFS
Discovery Communications Inc,22.91,-0.09,-0.39%,12.1,3.3M,-16.42%,DISCA,http://money.cnn.com/quote/quote.html?symb=DISCA
Discovery Communications Inc,21.87,-0.06,-0.27%,11.6,2.1M,-18.33%,DISCK,http://money.cnn.com/quote/quote.html?symb=DISCK
DISH Network,58.46,0.27,+0.46%,27.3,1.2M,+0.91%,DISH,http://money.cnn.com/quote/quote.html?symb=DISH
Disney,101.99,0.64,+0.63%,17.8,9.4M,-2.14%,DIS,http://money.cnn.com/quote/quote.html?symb=DIS
Dollar General,75.49,-0.09,-0.12%,17.1,1.7M,+1.92%,DG,http://money.cnn.com/quote/quote.html?symb=DG
Dollar Tree Inc,73.5,0.42,+0.57%,20.1,1.8M,-4.77%,DLTR,http://money.cnn.com/quote/quote.html?symb=DLTR
Dominion Energy Inc,77.39,-0.43,-0.55%,22.4,1.5M,+1.04%,D,http://money.cnn.com/quote/quote.html?symb=D
Dover Corp,85.05,-0.46,-0.54%,21.3,863.5K,+13.51%,DOV,http://money.cnn.com/quote/quote.html?symb=DOV
Dow Chemical,63.26,0.15,+0.24%,26.0,5.0M,+10.56%,DOW,http://money.cnn.com/quote/quote.html?symb=DOW
Dr Pepper Snapple Group Inc,90.38,0.0,0.00%,21.7,615.4K,-0.32%,DPS,http://money.cnn.com/quote/quote.html?symb=DPS
DTE Energy Co,107.87,-1.19,-1.09%,18.5,590.5K,+9.50%,DTE,http://money.cnn.com/quote/quote.html?symb=DTE
Duke Energy,85.7,-0.69,-0.80%,21.5,2.5M,+10.41%,DUK,http://money.cnn.com/quote/quote.html?symb=DUK
Duke Realty Corp,28.26,0.0,0.00%,29.4,2.1M,+6.40%,DRE,http://money.cnn.com/quote/quote.html?symb=DRE
DXC Technology Co,82.05,0.78,+0.96%,NM,1.6M,+38.08%,DXC,http://money.cnn.com/quote/quote.html?symb=DXC
E I du Pont de Nemours and Co,80.97,0.16,+0.20%,28.9,1.9M,+10.31%,DD,http://money.cnn.com/quote/quote.html?symb=DD
E*TRADE Financial Corp,40.07,-0.08,-0.20%,18.7,1.2M,+15.64%,ETFC,http://money.cnn.com/quote/quote.html?symb=ETFC
Eastman Chemical Co,83.21,-0.04,-0.05%,13.3,1.1M,+10.64%,EMN,http://money.cnn.com/quote/quote.html?symb=EMN
Eaton Corporation PLC,71.48,-0.17,-0.24%,16.4,1.3M,+6.54%,ETN,http://money.cnn.com/quote/quote.html?symb=ETN
eBay,35.05,0.06,+0.17%,5.4,7.7M,+18.05%,EBAY,http://money.cnn.com/quote/quote.html?symb=EBAY
Ecolab Inc,129.81,-0.42,-0.32%,30.7,618.7K,+10.74%,ECL,http://money.cnn.com/quote/quote.html?symb=ECL
Edison International,79.53,-0.14,-0.18%,19.0,1.2M,+10.47%,EIX,http://money.cnn.com/quote/quote.html?symb=EIX
Edwards Lifesciences Corp,114.5,0.37,+0.32%,34.7,673.8K,+22.20%,EW,http://money.cnn.com/quote/quote.html?symb=EW
Electronic Arts Inc,115.45,1.46,+1.28%,37.5,1.6M,+46.58%,EA,http://money.cnn.com/quote/quote.html?symb=EA
Eli Lilly and Co,81.15,-0.9,-1.10%,35.1,2.4M,+10.33%,LLY,http://money.cnn.com/quote/quote.html?symb=LLY
Emerson Electric Co,58.89,-0.25,-0.42%,23.5,2.8M,+5.63%,EMR,http://money.cnn.com/quote/quote.html?symb=EMR
Entergy Corp,76.2,-0.64,-0.83%,NM,807.4K,+3.72%,ETR,http://money.cnn.com/quote/quote.html?symb=ETR
Envision Healthcare Corp,52.89,0.12,+0.23%,NM,1.4M,-16.43%,EVHC,http://money.cnn.com/quote/quote.html?symb=EVHC
EOG Resources Inc,88.53,-0.59,-0.66%,NM,2.9M,-12.43%,EOG,http://money.cnn.com/quote/quote.html?symb=EOG
EQT Corp,62.93,0.86,+1.39%,2097.7,1.3M,-3.78%,EQT,http://money.cnn.com/quote/quote.html?symb=EQT
Equifax Inc,141.35,-0.71,-0.50%,29.9,351.6K,+19.56%,EFX,http://money.cnn.com/quote/quote.html?symb=EFX
Equinix Inc,438.39,-1.09,-0.25%,159.4,327.5K,+22.66%,EQIX,http://money.cnn.com/quote/quote.html?symb=EQIX
Equity Residential,66.98,-0.1,-0.15%,29.9,1.3M,+4.07%,EQR,http://money.cnn.com/quote/quote.html?symb=EQR
Essex Property Trust Inc,259.14,-3.39,-1.29%,33.3,216.1K,+11.46%,ESS,http://money.cnn.com/quote/quote.html?symb=ESS
Estee Lauder,99.65,-2.04,-2.01%,33.3,3.6M,+30.28%,EL,http://money.cnn.com/quote/quote.html?symb=EL
Everest Re Group Ltd,265.07,-4.23,-1.57%,9.9,218.6K,+22.49%,RE,http://money.cnn.com/quote/quote.html?symb=RE
Eversource Energy,61.86,-0.36,-0.58%,20.0,1.4M,+12.00%,ES,http://money.cnn.com/quote/quote.html?symb=ES
Exelon,37.5,-0.24,-0.64%,19.8,3.7M,+5.66%,EXC,http://money.cnn.com/quote/quote.html?symb=EXC
Expedia Inc,144.51,0.96,+0.67%,67.5,1.3M,+27.57%,EXPE,http://money.cnn.com/quote/quote.html?symb=EXPE
Expeditors International of Washington Inc,54.44,-0.3,-0.55%,23.3,1.6M,+2.79%,EXPD,http://money.cnn.com/quote/quote.html?symb=EXPD
Express Scripts Holding Co,60.3,0.52,+0.86%,10.6,2.9M,-12.34%,ESRX,http://money.cnn.com/quote/quote.html?symb=ESRX
Extra Space Storage Inc,76.31,0.08,+0.10%,26.1,993.4K,-1.20%,EXR,http://money.cnn.com/quote/quote.html?symb=EXR
Exxon Mobil,78.21,-0.76,-0.96%,28.2,10.2M,-13.35%,XOM,http://money.cnn.com/quote/quote.html?symb=XOM
F5 Networks Inc,117.82,1.41,+1.21%,19.6,777.9K,-18.59%,FFIV,http://money.cnn.com/quote/quote.html?symb=FFIV
Facebook,168.08,0.68,+0.41%,37.6,13.8M,+46.09%,FB,http://money.cnn.com/quote/quote.html?symb=FB
Fastenal Co,42.61,0.25,+0.59%,23.4,1.6M,-9.30%,FAST,http://money.cnn.com/quote/quote.html?symb=FAST
Federal Realty Investment Trust,129.4,-2.64,-2.00%,41.3,365.6K,-8.94%,FRT,http://money.cnn.com/quote/quote.html?symb=FRT
FedEx,204.87,1.32,+0.65%,18.5,1.1M,+10.03%,FDX,http://money.cnn.com/quote/quote.html?symb=FDX
Fidelity National Information Services Inc,89.22,-0.04,-0.04%,44.6,780.6K,+17.95%,FIS,http://money.cnn.com/quote/quote.html?symb=FIS
Fifth Third Bancorp,26.11,-0.27,-1.02%,13.7,4.3M,-3.19%,FITB,http://money.cnn.com/quote/quote.html?symb=FITB
FirstEnergy Corp,32.17,0.13,+0.41%,NM,3.9M,+3.87%,FE,http://money.cnn.com/quote/quote.html?symb=FE
Fiserv Inc,122.84,0.35,+0.29%,30.0,449.4K,+15.58%,FISV,http://money.cnn.com/quote/quote.html?symb=FISV
FLIR Systems Inc,37.41,0.13,+0.35%,24.1,639.4K,+3.37%,FLIR,http://money.cnn.com/quote/quote.html?symb=FLIR
Flowserve Corp,38.83,0.19,+0.49%,41.8,1.0M,-19.19%,FLS,http://money.cnn.com/quote/quote.html?symb=FLS
Fluor Corp,39.07,0.26,+0.67%,48.8,1.7M,-25.61%,FLR,http://money.cnn.com/quote/quote.html?symb=FLR
FMC Corp,82.73,-0.32,-0.39%,41.8,774.9K,+46.27%,FMC,http://money.cnn.com/quote/quote.html?symb=FMC
Foot Locker Inc,49.3,0.21,+0.43%,10.1,2.5M,-30.46%,FL,http://money.cnn.com/quote/quote.html?symb=FL
Ford,10.77,0.0,0.00%,11.3,32.3M,-11.21%,F,http://money.cnn.com/quote/quote.html?symb=F
Fortive Corp,65.6,0.07,+0.11%,25.8,705.3K,+22.32%,FTV,http://money.cnn.com/quote/quote.html?symb=FTV
Fortune Brands Home & Security Inc,63.31,0.42,+0.67%,22.5,1.0M,+18.42%,FBHS,http://money.cnn.com/quote/quote.html?symb=FBHS
Franklin Resources,42.75,0.12,+0.28%,13.9,1.4M,+8.01%,BEN,http://money.cnn.com/quote/quote.html?symb=BEN
Freeport-McMoRan Inc,13.96,-0.19,-1.34%,15.7,19.8M,+5.84%,FCX,http://money.cnn.com/quote/quote.html?symb=FCX
Gap,23.15,0.1,+0.43%,13.4,3.7M,+3.16%,GPS,http://money.cnn.com/quote/quote.html?symb=GPS
Garmin Ltd,51.21,-0.08,-0.16%,16.7,918.4K,+5.61%,GRMN,http://money.cnn.com/quote/quote.html?symb=GRMN
Gartner Inc,116.92,-0.19,-0.16%,53.1,952.4K,+15.68%,IT,http://money.cnn.com/quote/quote.html?symb=IT
General Dynamics,197.89,-0.39,-0.20%,19.0,1.1M,+14.61%,GD,http://money.cnn.com/quote/quote.html?symb=GD
General Electric,25.2,-0.1,-0.40%,29.0,19.2M,-20.25%,GE,http://money.cnn.com/quote/quote.html?symb=GE
General Mills,56.59,0.3,+0.53%,20.4,3.7M,-8.39%,GIS,http://money.cnn.com/quote/quote.html?symb=GIS
Genuine Parts Co,82.81,0.52,+0.63%,17.9,470.4K,-13.32%,GPC,http://money.cnn.com/quote/quote.html?symb=GPC
GGP Inc,21.2,-0.36,-1.67%,17.8,6.2M,-15.13%,GGP,http://money.cnn.com/quote/quote.html?symb=GGP
Gilead Sciences,72.4,-0.3,-0.41%,7.9,7.0M,+1.10%,GILD,http://money.cnn.com/quote/quote.html?symb=GILD
Global Payments Inc,93.31,-0.33,-0.35%,56.9,930.3K,+34.43%,GPN,http://money.cnn.com/quote/quote.html?symb=GPN
GM,34.93,0.05,+0.14%,5.5,6.8M,+0.26%,GM,http://money.cnn.com/quote/quote.html?symb=GM
Goldman Sachs,224.15,-1.35,-0.60%,11.8,3.0M,-6.39%,GS,http://money.cnn.com/quote/quote.html?symb=GS
Goodyear Tire & Rubber Co,30.27,-0.16,-0.53%,6.7,1.9M,-1.94%,GT,http://money.cnn.com/quote/quote.html?symb=GT
Google,930.09,6.5,+0.70%,33.7,1.6M,+17.37%,GOOGL,http://money.cnn.com/quote/quote.html?symb=GOOGL
Google,914.39,7.15,+0.79%,33.2,1.2M,+18.47%,GOOG,http://money.cnn.com/quote/quote.html?symb=GOOG
H & R Block Inc,30.7,0.07,+0.23%,15.7,1.6M,+33.54%,HRB,http://money.cnn.com/quote/quote.html?symb=HRB
Halliburton,40.02,-0.49,-1.21%,NM,5.5M,-26.01%,HAL,http://money.cnn.com/quote/quote.html?symb=HAL
HanesBrands Inc,23.93,-0.02,-0.08%,15.7,3.8M,+10.94%,HBI,http://money.cnn.com/quote/quote.html?symb=HBI
Harley-Davidson Inc,47.54,0.22,+0.46%,13.8,1.9M,-18.51%,HOG,http://money.cnn.com/quote/quote.html?symb=HOG
Harris Corp,118.37,0.14,+0.12%,42.6,532.0K,+15.52%,HRS,http://money.cnn.com/quote/quote.html?symb=HRS
Hartford Financial Services Group Inc,56.04,0.31,+0.56%,30.6,1.8M,+17.61%,HIG,http://money.cnn.com/quote/quote.html?symb=HIG
Hasbro Inc,97.55,-0.27,-0.28%,21.1,1.5M,+25.40%,HAS,http://money.cnn.com/quote/quote.html?symb=HAS
HCA Healthcare Inc,79.37,1.56,+2.00%,10.7,2.5M,+7.23%,HCA,http://money.cnn.com/quote/quote.html?symb=HCA
HCP Inc,29.27,0.08,+0.27%,23.0,3.2M,-1.51%,HCP,http://money.cnn.com/quote/quote.html?symb=HCP
Helmerich and Payne Inc,46.18,-0.23,-0.50%,NM,1.7M,-40.34%,HP,http://money.cnn.com/quote/quote.html?symb=HP
Henry Schein Inc,170.58,3.26,+1.95%,25.9,628.2K,+12.44%,HSIC,http://money.cnn.com/quote/quote.html?symb=HSIC
Hershey,105.2,-0.1,-0.09%,33.6,572.2K,+1.71%,HSY,http://money.cnn.com/quote/quote.html?symb=HSY
Hess,41.33,-0.41,-0.98%,NM,2.1M,-33.65%,HES,http://money.cnn.com/quote/quote.html?symb=HES
Hewlett Packard Enterprise Co,17.3,0.18,+1.05%,13.4,5.3M,-0.21%,HPE,http://money.cnn.com/quote/quote.html?symb=HPE
Hewlett-Packard,18.9,0.0,0.00%,12.9,6.6M,+27.36%,HPQ,http://money.cnn.com/quote/quote.html?symb=HPQ
Hilton Worldwide Holdings Inc,61.3,0.3,+0.49%,67.4,1.7M,+6.60%,HLT,http://money.cnn.com/quote/quote.html?symb=HLT
Hologic Inc,38.2,0.81,+2.17%,14.3,3.8M,-4.79%,HOLX,http://money.cnn.com/quote/quote.html?symb=HOLX
Home Depot,154.88,1.0,+0.65%,23.2,3.7M,+15.51%,HD,http://money.cnn.com/quote/quote.html?symb=HD
Honeywell,136.59,-0.65,-0.47%,21.2,2.3M,+17.90%,HON,http://money.cnn.com/quote/quote.html?symb=HON
Hormel Foods Corp,34.01,0.35,+1.04%,20.7,1.3M,-2.30%,HRL,http://money.cnn.com/quote/quote.html?symb=HRL
Host Hotels & Resorts Inc,17.85,0.02,+0.11%,22.0,6.2M,-5.25%,HST,http://money.cnn.com/quote/quote.html?symb=HST
Humana Inc,249.99,-1.68,-0.67%,20.3,840.3K,+22.53%,HUM,http://money.cnn.com/quote/quote.html?symb=HUM
Huntington Bancshares Inc,12.72,-0.09,-0.70%,17.9,7.9M,-3.78%,HBAN,http://money.cnn.com/quote/quote.html?symb=HBAN
IBM,141.84,0.0,0.00%,11.8,3.0M,-14.55%,IBM,http://money.cnn.com/quote/quote.html?symb=IBM
IDEXX Laboratories Inc,153.02,1.96,+1.30%,52.6,502.1K,+30.49%,IDXX,http://money.cnn.com/quote/quote.html?symb=IDXX
IHS Markit Ltd,45.65,0.49,+1.09%,95.1,1.6M,+28.92%,INFO,http://money.cnn.com/quote/quote.html?symb=INFO
Illinois Tool Works Inc,138.36,0.89,+0.65%,22.4,964.3K,+12.98%,ITW,http://money.cnn.com/quote/quote.html?symb=ITW
Illumina Inc,194.25,-0.4,-0.21%,38.9,696.0K,+51.71%,ILMN,http://money.cnn.com/quote/quote.html?symb=ILMN
Incyte Corp,124.1,1.98,+1.62%,NM,898.0K,+23.77%,INCY,http://money.cnn.com/quote/quote.html?symb=INCY
Ingersoll-Rand,85.09,0.11,+0.13%,21.4,2.0M,+13.39%,IR,http://money.cnn.com/quote/quote.html?symb=IR
Intel,35.87,-0.27,-0.75%,13.7,19.3M,-1.10%,INTC,http://money.cnn.com/quote/quote.html?symb=INTC
Intercontinental Exchange Inc,65.01,-0.15,-0.23%,24.1,2.1M,+15.23%,ICE,http://money.cnn.com/quote/quote.html?symb=ICE
International Flavors & Fragrances Inc,135.38,-1.47,-1.07%,26.9,372.0K,+14.89%,IFF,http://money.cnn.com/quote/quote.html?symb=IFF
International Paper Co,52.59,0.38,+0.73%,26.7,2.1M,-0.89%,IP,http://money.cnn.com/quote/quote.html?symb=IP
Interpublic Group of Companies Inc,20.67,-0.11,-0.53%,15.0,4.5M,-11.70%,IPG,http://money.cnn.com/quote/quote.html?symb=IPG
Intuit,136.6,1.44,+1.07%,39.0,747.2K,+19.19%,INTU,http://money.cnn.com/quote/quote.html?symb=INTU
Intuitive Surgical,942.25,12.87,+1.38%,45.1,241.6K,+48.58%,ISRG,http://money.cnn.com/quote/quote.html?symb=ISRG
Invesco Ltd,33.99,0.45,+1.34%,15.2,2.8M,+12.03%,IVZ,http://money.cnn.com/quote/quote.html?symb=IVZ
Iron Mountain Inc,37.13,-0.7,-1.85%,50.9,1.1M,+14.32%,IRM,http://money.cnn.com/quote/quote.html?symb=IRM
J B Hunt Transport Services Inc,94.7,2.6,+2.82%,24.9,1.3M,-2.44%,JBHT,http://money.cnn.com/quote/quote.html?symb=JBHT
J M Smucker Co,122.28,0.56,+0.46%,24.0,448.8K,-4.51%,SJM,http://money.cnn.com/quote/quote.html?symb=SJM
Jacobs Engineering Group Inc,52.58,-0.1,-0.19%,30.6,1.0M,-7.75%,JEC,http://money.cnn.com/quote/quote.html?symb=JEC
Johnson & Johnson,133.1,0.01,+0.01%,22.5,4.3M,+15.53%,JNJ,http://money.cnn.com/quote/quote.html?symb=JNJ
JPMorgan Chase,91.42,-0.77,-0.84%,13.5,10.7M,+5.95%,JPM,http://money.cnn.com/quote/quote.html?symb=JPM
Juniper Networks Inc,27.41,-0.03,-0.11%,17.3,5.5M,-3.01%,JNPR,http://money.cnn.com/quote/quote.html?symb=JNPR
Kansas City Southern,102.97,0.79,+0.77%,20.7,784.5K,+21.36%,KSU,http://money.cnn.com/quote/quote.html?symb=KSU
Kellogg,68.81,0.06,+0.09%,31.1,1.1M,-6.65%,K,http://money.cnn.com/quote/quote.html?symb=K
KeyCorp,17.52,-0.1,-0.57%,17.7,12.3M,-4.11%,KEY,http://money.cnn.com/quote/quote.html?symb=KEY
Kimberly-Clark,120.64,-0.43,-0.36%,20.1,1.1M,+5.71%,KMB,http://money.cnn.com/quote/quote.html?symb=KMB
Kimco Realty Corp,19.99,-0.47,-2.30%,33.8,3.2M,-20.55%,KIM,http://money.cnn.com/quote/quote.html?symb=KIM
Kinder Morgan,19.07,-0.32,-1.65%,61.5,8.6M,-7.92%,KMI,http://money.cnn.com/quote/quote.html?symb=KMI
KLA-Tencor Corp,90.34,2.2,+2.50%,15.4,1.1M,+14.82%,KLAC,http://money.cnn.com/quote/quote.html?symb=KLAC
Kohls Corp,38.64,-0.86,-2.18%,11.3,7.1M,-21.75%,KSS,http://money.cnn.com/quote/quote.html?symb=KSS
Kraft Heinz Co,86.47,0.58,+0.68%,27.7,2.5M,-0.97%,KHC,http://money.cnn.com/quote/quote.html?symb=KHC
Kroger Co,23.49,-0.08,-0.34%,14.2,10.6M,-31.93%,KR,http://money.cnn.com/quote/quote.html?symb=KR
L Brands Inc,40.88,-0.36,-0.87%,10.8,3.8M,-37.91%,LB,http://money.cnn.com/quote/quote.html?symb=LB
L3 Technologies Inc,183.63,0.34,+0.19%,20.7,657.4K,+20.72%,LLL,http://money.cnn.com/quote/quote.html?symb=LLL
Laboratory Corporation of America Holdings,156.21,-0.19,-0.12%,21.9,441.9K,+21.68%,LH,http://money.cnn.com/quote/quote.html?symb=LH
Lam Research Corp,154.26,4.82,+3.23%,19.6,1.8M,+45.90%,LRCX,http://money.cnn.com/quote/quote.html?symb=LRCX
Leggett & Platt Inc,46.97,-0.01,-0.02%,18.6,657.9K,-3.91%,LEG,http://money.cnn.com/quote/quote.html?symb=LEG
Lennar Corp,53.25,0.09,+0.17%,15.6,701.0K,+24.04%,LEN,http://money.cnn.com/quote/quote.html?symb=LEN
Leucadia National Corp,24.72,-0.46,-1.83%,14.6,1.6M,+6.32%,LUK,http://money.cnn.com/quote/quote.html?symb=LUK
AIG,62.65,-0.35,-0.56%,522.1,3.7M,-4.07%,AIG,http://money.cnn.com/quote/quote.html?symb=AIG
Air Products and Chemicals Inc,144.6,-0.42,-0.29%,23.2,1.1M,+0.54%,APD,http://money.cnn.com/quote/quote.html?symb=APD
Akamai Technologies Inc,46.37,0.06,+0.13%,25.3,1.4M,-30.46%,AKAM,http://money.cnn.com/quote/quote.html?symb=AKAM
Alaska Air Group Inc,84.47,0.68,+0.81%,13.7,1.1M,-4.80%,ALK,http://money.cnn.com/quote/quote.html?symb=ALK
Albemarle Corp,109.36,-1.59,-1.43%,44.1,2.1M,+27.04%,ALB,http://money.cnn.com/quote/quote.html?symb=ALB
Alcoa,23.99,-0.03,-0.12%,NM,2.3M,+29.40%,ARNC,http://money.cnn.com/quote/quote.html?symb=ARNC
Alexandria Real Estate Equities Inc,120.62,-0.34,-0.28%,274.1,296.7K,+8.54%,ARE,http://money.cnn.com/quote/quote.html?symb=ARE
Alexion Pharmaceuticals Inc,132.93,0.63,+0.48%,57.5,1.3M,+8.65%,ALXN,http://money.cnn.com/quote/quote.html?symb=ALXN
Align Technology Inc,173.56,2.33,+1.36%,59.4,720.0K,+80.55%,ALGN,http://money.cnn.com/quote/quote.html?symb=ALGN
Allegion PLC,79.28,0.36,+0.46%,30.6,354.1K,+23.88%,ALLE,http://money.cnn.com/quote/quote.html?symb=ALLE
Allergan,232.88,0.68,+0.29%,NM,1.8M,+10.89%,AGN,http://money.cnn.com/quote/quote.html?symb=AGN
Alliance Data Systems Corp,222.64,0.43,+0.19%,25.3,548.4K,-2.56%,ADS,http://money.cnn.com/quote/quote.html?symb=ADS
Alliant Energy Corp,41.37,-0.26,-0.62%,24.4,1.4M,+9.18%,LNT,http://money.cnn.com/quote/quote.html?symb=LNT
Allstate,93.95,-0.21,-0.22%,13.9,1.1M,+26.75%,ALL,http://money.cnn.com/quote/quote.html?symb=ALL
Altria Group,64.31,-0.46,-0.71%,8.5,7.3M,-4.90%,MO,http://money.cnn.com/quote/quote.html?symb=MO
Level 3 Communications Inc,56.19,-0.05,-0.09%,31.9,2.3M,-0.30%,LVLT,http://money.cnn.com/quote/quote.html?symb=LVLT
Lincoln National Corp,71.4,-0.36,-0.50%,10.9,872.4K,+7.74%,LNC,http://money.cnn.com/quote/quote.html?symb=LNC
LKQ Corp,33.82,0.07,+0.21%,21.1,1.2M,+10.34%,LKQ,http://money.cnn.com/quote/quote.html?symb=LKQ
Lockheed Martin,303.75,0.5,+0.16%,24.0,987.8K,+21.53%,LMT,http://money.cnn.com/quote/quote.html?symb=LMT
Loews Corp,48.27,-0.31,-0.64%,14.3,527.0K,+3.07%,L,http://money.cnn.com/quote/quote.html?symb=L
Lowe's,77.26,0.25,+0.32%,24.2,3.1M,+8.63%,LOW,http://money.cnn.com/quote/quote.html?symb=LOW
LyondellBasell Industries NV,87.19,-0.41,-0.47%,9.7,1.9M,+1.64%,LYB,http://money.cnn.com/quote/quote.html?symb=LYB
M&T Bank,156.6,-2.12,-1.34%,18.3,658.0K,+0.11%,MTB,http://money.cnn.com/quote/quote.html?symb=MTB
Macerich Co,56.72,-1.17,-2.02%,53.0,1.7M,-19.93%,MAC,http://money.cnn.com/quote/quote.html?symb=MAC
Macy's,20.62,-0.05,-0.24%,11.1,12.5M,-42.42%,M,http://money.cnn.com/quote/quote.html?symb=M
Marathon Oil,12.12,0.07,+0.58%,NM,11.7M,-29.98%,MRO,http://money.cnn.com/quote/quote.html?symb=MRO
Marathon Petroleum,52.16,-0.05,-0.10%,31.0,3.3M,+3.59%,MPC,http://money.cnn.com/quote/quote.html?symb=MPC
Marriott,99.4,-0.12,-0.12%,36.4,2.2M,+20.22%,MAR,http://money.cnn.com/quote/quote.html?symb=MAR
Marsh & McLennan Companies Inc,77.02,-0.06,-0.08%,21.3,882.3K,+13.95%,MMC,http://money.cnn.com/quote/quote.html?symb=MMC
Martin Marietta Materials Inc,204.77,-2.02,-0.98%,29.5,523.3K,-7.57%,MLM,http://money.cnn.com/quote/quote.html?symb=MLM
Masco Corp,36.69,0.24,+0.66%,22.6,1.2M,+16.03%,MAS,http://money.cnn.com/quote/quote.html?symb=MAS
MasterCard,128.55,0.88,+0.69%,31.9,2.5M,+24.50%,MA,http://money.cnn.com/quote/quote.html?symb=MA
Mattel Inc,17.51,-0.23,-1.30%,25.0,5.0M,-36.44%,MAT,http://money.cnn.com/quote/quote.html?symb=MAT
McCormick & Company Inc,97.03,1.83,+1.92%,28.0,2.0M,+3.96%,MKC,http://money.cnn.com/quote/quote.html?symb=MKC
McDonald's,157.3,0.68,+0.43%,27.8,2.9M,+29.23%,MCD,http://money.cnn.com/quote/quote.html?symb=MCD
McKesson Corp,149.99,-1.08,-0.71%,6.9,1.6M,+6.79%,MCK,http://money.cnn.com/quote/quote.html?symb=MCK
Medtronic PLC,83.71,0.67,+0.81%,29.0,4.3M,+17.52%,MDT,http://money.cnn.com/quote/quote.html?symb=MDT
Merck,62.38,0.2,+0.32%,39.7,6.1M,+5.96%,MRK,http://money.cnn.com/quote/quote.html?symb=MRK
Metlife,46.81,0.07,+0.15%,430.3,6.4M,-2.53%,MET,http://money.cnn.com/quote/quote.html?symb=MET
Mettler-Toledo International Inc,577.58,6.33,+1.11%,35.6,141.2K,+37.99%,MTD,http://money.cnn.com/quote/quote.html?symb=MTD
MGM Resorts International,30.59,0.08,+0.26%,14.2,5.4M,+6.10%,MGM,http://money.cnn.com/quote/quote.html?symb=MGM
Michael Kors,44.69,-0.47,-1.04%,13.6,2.7M,+3.98%,KORS,http://money.cnn.com/quote/quote.html?symb=KORS
Microchip Technology Inc,82.21,0.97,+1.19%,42.4,1.4M,+28.15%,MCHP,http://money.cnn.com/quote/quote.html?symb=MCHP
Micron Technology Inc,28.01,0.52,+1.89%,12.7,23.4M,+27.78%,MU,http://money.cnn.com/quote/quote.html?symb=MU
Microsoft,72.5,1.09,+1.53%,26.8,21.4M,+16.67%,MSFT,http://money.cnn.com/quote/quote.html?symb=MSFT
Mid-America Apartment Communities Inc,104.02,-0.46,-0.44%,45.2,392.7K,+6.23%,MAA,http://money.cnn.com/quote/quote.html?symb=MAA
Mohawk Industries Inc,245.43,-0.98,-0.40%,19.0,313.0K,+22.91%,MHK,http://money.cnn.com/quote/quote.html?symb=MHK
Molson Coors Brewing Co,90.4,0.2,+0.22%,9.0,688.6K,-7.10%,TAP,http://money.cnn.com/quote/quote.html?symb=TAP
Mondelez International Inc,43.59,0.32,+0.74%,38.2,4.9M,-1.67%,MDLZ,http://money.cnn.com/quote/quote.html?symb=MDLZ
Monsanto,116.55,-0.39,-0.33%,25.3,1.0M,+10.78%,MON,http://money.cnn.com/quote/quote.html?symb=MON
Monster Beverage Corp,53.82,1.3,+2.48%,43.4,2.7M,+21.38%,MNST,http://money.cnn.com/quote/quote.html?symb=MNST
Moody's Corp,127.76,0.85,+0.67%,50.9,1.2M,+35.53%,MCO,http://money.cnn.com/quote/quote.html?symb=MCO
Morgan Stanley,45.65,-0.65,-1.40%,13.0,13.5M,+8.05%,MS,http://money.cnn.com/quote/quote.html?symb=MS
Mosaic Co,20.34,-0.27,-1.31%,48.4,5.5M,-30.65%,MOS,http://money.cnn.com/quote/quote.html?symb=MOS
Motorola,87.48,0.49,+0.56%,23.3,806.0K,+5.54%,MSI,http://money.cnn.com/quote/quote.html?symb=MSI
Mylan NV,30.88,-1.41,-4.37%,13.3,11.1M,-19.06%,MYL,http://money.cnn.com/quote/quote.html?symb=MYL
Nasdaq Inc,75.5,-0.42,-0.55%,57.6,673.6K,+12.49%,NDAQ,http://money.cnn.com/quote/quote.html?symb=NDAQ
National Oilwell Varco Inc,30.29,-0.06,-0.20%,NM,3.4M,-19.10%,NOV,http://money.cnn.com/quote/quote.html?symb=NOV
Navient Corp,13.68,-0.02,-0.15%,7.2,1.5M,-16.74%,NAVI,http://money.cnn.com/quote/quote.html?symb=NAVI
NetApp Inc,41.49,0.21,+0.51%,22.9,1.5M,+17.64%,NTAP,http://money.cnn.com/quote/quote.html?symb=NTAP
Netflix,171.4,2.26,+1.34%,209.0,5.0M,+38.45%,NFLX,http://money.cnn.com/quote/quote.html?symb=NFLX
Newell Brands Inc,50.0,-0.2,-0.40%,20.7,2.3M,+11.98%,NWL,http://money.cnn.com/quote/quote.html?symb=NWL
Newfield Exploration Co,25.92,-0.34,-1.29%,15.0,2.9M,-36.00%,NFX,http://money.cnn.com/quote/quote.html?symb=NFX
Newmont Mining Corp,36.53,0.09,+0.25%,102.0,4.4M,+7.22%,NEM,http://money.cnn.com/quote/quote.html?symb=NEM
News Corp,13.43,-0.25,-1.83%,NM,3.5M,+17.19%,NWSA,http://money.cnn.com/quote/quote.html?symb=NWSA
News Corp,13.8,-0.2,-1.43%,NM,312.7K,+16.95%,NWS,http://money.cnn.com/quote/quote.html?symb=NWS
NextEra Energy,147.18,-0.54,-0.37%,16.9,1.3M,+23.20%,NEE,http://money.cnn.com/quote/quote.html?symb=NEE
Nielsen Holdings PLC,40.79,-0.38,-0.92%,--,1.6M,-2.77%,NLSN,http://money.cnn.com/quote/quote.html?symb=NLSN
Nike,58.97,-0.1,-0.17%,23.5,5.0M,+16.01%,NKE,http://money.cnn.com/quote/quote.html?symb=NKE
NiSource Inc,26.35,-0.02,-0.08%,31.0,1.4M,+19.02%,NI,http://money.cnn.com/quote/quote.html?symb=NI
Noble Energy,24.65,-0.27,-1.08%,NM,4.0M,-35.23%,NBL,http://money.cnn.com/quote/quote.html?symb=NBL
Nordstrom Inc,44.9,0.03,+0.07%,21.1,6.5M,-6.32%,JWN,http://money.cnn.com/quote/quote.html?symb=JWN
Norfolk Southern,116.56,1.12,+0.97%,19.0,1.1M,+7.86%,NSC,http://money.cnn.com/quote/quote.html?symb=NSC
Northern Trust,87.15,-0.05,-0.06%,19.8,1.0M,-2.13%,NTRS,http://money.cnn.com/quote/quote.html?symb=NTRS
Northrop Grumman,269.28,-1.27,-0.47%,20.6,701.4K,+15.78%,NOC,http://money.cnn.com/quote/quote.html?symb=NOC
NRG Energy Inc,24.67,0.28,+1.15%,NM,3.4M,+101.22%,NRG,http://money.cnn.com/quote/quote.html?symb=NRG
Nucor Corp,55.37,-1.17,-2.07%,16.7,2.2M,-6.97%,NUE,http://money.cnn.com/quote/quote.html?symb=NUE
NVIDIA Corp,155.96,-8.78,-5.33%,51.8,37.4M,+46.11%,NVDA,http://money.cnn.com/quote/quote.html?symb=NVDA
O'Reilly Automotive Inc,198.91,1.69,+0.86%,17.4,984.1K,-28.56%,ORLY,http://money.cnn.com/quote/quote.html?symb=ORLY
Occidental Petroleum,61.13,-0.21,-0.34%,407.5,2.5M,-14.18%,OXY,http://money.cnn.com/quote/quote.html?symb=OXY
Omnicom Group Inc,77.75,-0.18,-0.23%,15.7,1.0M,-8.65%,OMC,http://money.cnn.com/quote/quote.html?symb=OMC
ONEOK Inc,52.41,0.2,+0.38%,32.8,2.2M,-8.71%,OKE,http://money.cnn.com/quote/quote.html?symb=OKE
Oracle,48.24,0.14,+0.29%,21.8,11.7M,+25.46%,ORCL,http://money.cnn.com/quote/quote.html?symb=ORCL
PACCAR Inc,64.81,-0.4,-0.61%,17.3,1.5M,+1.42%,PCAR,http://money.cnn.com/quote/quote.html?symb=PCAR
Packaging Corp of America,107.52,0.19,+0.18%,20.7,1.5M,+26.76%,PKG,http://money.cnn.com/quote/quote.html?symb=PKG
Parker-Hannifin Corp,157.02,1.26,+0.81%,22.9,1.0M,+12.16%,PH,http://money.cnn.com/quote/quote.html?symb=PH
Patterson Companies Inc,37.98,0.51,+1.36%,20.9,952.4K,-7.43%,PDCO,http://money.cnn.com/quote/quote.html?symb=PDCO
Paychex Inc,54.24,-0.54,-0.99%,24.1,1.8M,-10.91%,PAYX,http://money.cnn.com/quote/quote.html?symb=PAYX
PayPal Holdings Inc,58.04,0.02,+0.03%,46.8,7.0M,+47.05%,PYPL,http://money.cnn.com/quote/quote.html?symb=PYPL
Pentair plc,61.57,0.05,+0.08%,30.0,558.0K,+9.81%,PNR,http://money.cnn.com/quote/quote.html?symb=PNR
People's United Financial Inc,16.82,-0.17,-1.00%,18.1,2.1M,-13.12%,PBCT,http://money.cnn.com/quote/quote.html?symb=PBCT
Pepsi,116.51,0.13,+0.11%,24.6,2.8M,+11.35%,PEP,http://money.cnn.com/quote/quote.html?symb=PEP
PerkinElmer Inc,63.93,0.98,+1.56%,33.5,497.4K,+22.59%,PKI,http://money.cnn.com/quote/quote.html?symb=PKI
Perrigo Company PLC,78.49,1.65,+2.15%,16.6,3.1M,-5.70%,PRGO,http://money.cnn.com/quote/quote.html?symb=PRGO
Pfizer,33.25,-0.17,-0.51%,27.9,12.9M,+2.37%,PFE,http://money.cnn.com/quote/quote.html?symb=PFE
PG&E,69.25,-0.11,-0.16%,17.0,2.2M,+13.95%,PCG,http://money.cnn.com/quote/quote.html?symb=PCG
Philip Morris,114.88,0.66,+0.58%,25.4,2.7M,+25.57%,PM,http://money.cnn.com/quote/quote.html?symb=PM
Phillips 66,83.44,-0.2,-0.24%,25.0,1.9M,-3.44%,PSX,http://money.cnn.com/quote/quote.html?symb=PSX
Pinnacle West Capital Corp,88.53,-0.44,-0.49%,19.5,437.7K,+13.46%,PNW,http://money.cnn.com/quote/quote.html?symb=PNW
Pioneer Natural Resources Co,134.02,-1.24,-0.92%,127.6,1.5M,-25.57%,PXD,http://money.cnn.com/quote/quote.html?symb=PXD
PNC Financial Services Group,128.05,-0.94,-0.73%,16.3,2.9M,+9.48%,PNC,http://money.cnn.com/quote/quote.html?symb=PNC
PPG Industries,100.73,-0.6,-0.59%,35.3,1.5M,+6.30%,PPG,http://money.cnn.com/quote/quote.html?symb=PPG
PPL,38.75,-0.26,-0.67%,16.2,1.7M,+13.80%,PPL,http://money.cnn.com/quote/quote.html?symb=PPL
Praxair Inc,127.44,-0.18,-0.14%,23.9,583.0K,+8.75%,PX,http://money.cnn.com/quote/quote.html?symb=PX
Priceline,1854.17,4.55,+0.25%,41.9,620.7K,+26.47%,PCLN,http://money.cnn.com/quote/quote.html?symb=PCLN
Principal Financial Group Inc,64.32,-0.11,-0.17%,14.6,851.7K,+11.16%,PFG,http://money.cnn.com/quote/quote.html?symb=PFG
Procter & Gamble,91.34,-0.4,-0.44%,24.8,7.1M,+8.63%,PG,http://money.cnn.com/quote/quote.html?symb=PG
Progressive Corp,47.23,-0.48,-1.01%,20.1,2.9M,+33.04%,PGR,http://money.cnn.com/quote/quote.html?symb=PGR
Prologis Inc,59.71,-0.23,-0.38%,26.8,1.7M,+13.11%,PLD,http://money.cnn.com/quote/quote.html?symb=PLD
Prudential,105.69,-0.37,-0.35%,11.8,2.2M,+1.57%,PRU,http://money.cnn.com/quote/quote.html?symb=PRU
Public Service Enterprise Group Inc,45.53,-0.08,-0.18%,51.2,2.5M,+3.76%,PEG,http://money.cnn.com/quote/quote.html?symb=PEG
Public Storage,198.63,-2.02,-1.01%,28.3,630.3K,-11.13%,PSA,http://money.cnn.com/quote/quote.html?symb=PSA
PulteGroup Inc,24.84,0.06,+0.24%,14.0,2.9M,+35.15%,PHM,http://money.cnn.com/quote/quote.html?symb=PHM
PVH Corp,123.88,2.25,+1.85%,25.5,686.3K,+37.28%,PVH,http://money.cnn.com/quote/quote.html?symb=PVH
Qorvo Inc,68.9,1.13,+1.67%,NM,961.0K,+30.67%,QRVO,http://money.cnn.com/quote/quote.html?symb=QRVO
Qualcomm,52.72,0.38,+0.73%,20.2,5.9M,-19.14%,QCOM,http://money.cnn.com/quote/quote.html?symb=QCOM
Quanta Services Inc,35.61,-0.07,-0.20%,24.7,1.5M,+2.18%,PWR,http://money.cnn.com/quote/quote.html?symb=PWR
Quest Diagnostics Inc,106.1,0.49,+0.46%,21.4,849.4K,+15.45%,DGX,http://money.cnn.com/quote/quote.html?symb=DGX
Ralph Lauren Corp,83.78,-0.06,-0.07%,NM,1.6M,-7.24%,RL,http://money.cnn.com/quote/quote.html?symb=RL
Range Resources Corp,16.81,-0.11,-0.65%,129.3,6.5M,-51.08%,RRC,http://money.cnn.com/quote/quote.html?symb=RRC
Raymond James Financial Inc,79.35,-0.5,-0.63%,20.8,520.9K,+14.55%,RJF,http://money.cnn.com/quote/quote.html?symb=RJF
Raytheon,179.35,1.73,+0.97%,24.8,1.9M,+26.30%,RTN,http://money.cnn.com/quote/quote.html?symb=RTN
Realty Income Corp,56.48,-0.54,-0.95%,48.3,1.3M,-1.74%,O,http://money.cnn.com/quote/quote.html?symb=O
Red Hat Inc,98.34,2.39,+2.49%,67.4,1.7M,+41.09%,RHT,http://money.cnn.com/quote/quote.html?symb=RHT
Regency Centers Corp,65.11,-1.3,-1.96%,81.7,763.9K,-5.57%,REG,http://money.cnn.com/quote/quote.html?symb=REG
Regeneron Pharmaceuticals,466.59,6.51,+1.41%,46.8,496.0K,+27.11%,REGN,http://money.cnn.com/quote/quote.html?symb=REGN
Regions Financial Corp,14.07,-0.23,-1.61%,14.8,18.7M,-2.02%,RF,http://money.cnn.com/quote/quote.html?symb=RF
Republic Services Inc,63.98,-0.1,-0.16%,32.8,634.2K,+12.15%,RSG,http://money.cnn.com/quote/quote.html?symb=RSG
ResMed Inc,72.56,-0.06,-0.08%,30.2,427.2K,+16.94%,RMD,http://money.cnn.com/quote/quote.html?symb=RMD
Robert Half International Inc,43.41,-0.01,-0.02%,16.8,493.2K,-11.01%,RHI,http://money.cnn.com/quote/quote.html?symb=RHI
Rockwell Automation Inc,161.66,-0.55,-0.34%,26.1,680.0K,+20.28%,ROK,http://money.cnn.com/quote/quote.html?symb=ROK
Rockwell Collins Inc,124.58,-1.17,-0.93%,24.6,2.3M,+34.30%,COL,http://money.cnn.com/quote/quote.html?symb=COL
Roper Technologies Inc,229.54,0.38,+0.17%,34.4,388.2K,+25.38%,ROP,http://money.cnn.com/quote/quote.html?symb=ROP
Ross Stores Inc,55.56,0.76,+1.39%,19.0,2.6M,-15.30%,ROST,http://money.cnn.com/quote/quote.html?symb=ROST
Royal Caribbean Cruises Ltd,117.22,-0.09,-0.08%,16.5,1.8M,+42.88%,RCL,http://money.cnn.com/quote/quote.html?symb=RCL
S&P Global Inc,148.41,0.07,+0.05%,17.4,951.3K,+38.00%,SPGI,http://money.cnn.com/quote/quote.html?symb=SPGI
Salesforce.com,88.29,0.66,+0.75%,464.7,2.9M,+28.97%,CRM,http://money.cnn.com/quote/quote.html?symb=CRM
SCANA Corp,60.69,-1.32,-2.13%,14.3,1.7M,-17.18%,SCG,http://money.cnn.com/quote/quote.html?symb=SCG
Schlumberger,63.83,-0.57,-0.89%,375.5,4.6M,-23.97%,SLB,http://money.cnn.com/quote/quote.html?symb=SLB
Scripps Networks Interactive Inc,86.66,-0.17,-0.20%,17.9,2.2M,+21.42%,SNI,http://money.cnn.com/quote/quote.html?symb=SNI
Seagate Technology PLC,32.99,0.74,+2.35%,13.6,5.6M,-13.57%,STX,http://money.cnn.com/quote/quote.html?symb=STX
Sealed Air Corp,44.18,0.15,+0.34%,24.3,2.3M,-2.56%,SEE,http://money.cnn.com/quote/quote.html?symb=SEE
Sempra Energy,115.61,-0.45,-0.39%,17.1,518.3K,+14.87%,SRE,http://money.cnn.com/quote/quote.html?symb=SRE
Sherwin-Williams Co,331.88,-0.16,-0.05%,26.4,509.0K,+23.49%,SHW,http://money.cnn.com/quote/quote.html?symb=SHW
Signet Jewelers Ltd,56.54,0.89,+1.60%,9.1,1.5M,-40.02%,SIG,http://money.cnn.com/quote/quote.html?symb=SIG
Simon Property Group Inc,157.89,-3.26,-2.02%,28.1,1.8M,-11.13%,SPG,http://money.cnn.com/quote/quote.html?symb=SPG
Skyworks Solutions Inc,103.18,1.58,+1.56%,19.8,1.1M,+38.20%,SWKS,http://money.cnn.com/quote/quote.html?symb=SWKS
SL Green Realty Corp,99.0,-1.03,-1.03%,2475.0,941.9K,-7.95%,SLG,http://money.cnn.com/quote/quote.html?symb=SLG
Snap-On Inc,152.46,-0.31,-0.20%,15.8,603.1K,-10.98%,SNA,http://money.cnn.com/quote/quote.html?symb=SNA
Southern Co,48.42,-0.39,-0.80%,76.9,3.2M,-1.57%,SO,http://money.cnn.com/quote/quote.html?symb=SO
Southwest Airlines,54.14,0.13,+0.24%,16.5,4.2M,+8.63%,LUV,http://money.cnn.com/quote/quote.html?symb=LUV
Stanley Black & Decker Inc,139.15,0.85,+0.61%,17.8,903.8K,+21.33%,SWK,http://money.cnn.com/quote/quote.html?symb=SWK
Staples Inc,10.14,-0.03,-0.29%,NM,19.4M,+12.04%,SPLS,http://money.cnn.com/quote/quote.html?symb=SPLS
Starbucks,53.18,0.11,+0.21%,26.9,9.2M,-4.21%,SBUX,http://money.cnn.com/quote/quote.html?symb=SBUX
State Street,92.08,-0.42,-0.45%,17.0,2.3M,+18.48%,STT,http://money.cnn.com/quote/quote.html?symb=STT
Stericycle Inc,71.03,-0.41,-0.57%,37.0,1.3M,-7.80%,SRCL,http://money.cnn.com/quote/quote.html?symb=SRCL
Stryker Corp,144.18,0.27,+0.19%,32.2,847.6K,+20.34%,SYK,http://money.cnn.com/quote/quote.html?symb=SYK
SunTrust Banks Inc,55.99,-0.43,-0.76%,14.9,3.4M,+2.08%,STI,http://money.cnn.com/quote/quote.html?symb=STI
Symantec Corp,28.29,0.45,+1.62%,NM,8.4M,+18.42%,SYMC,http://money.cnn.com/quote/quote.html?symb=SYMC
Synchrony Financial,29.2,-0.12,-0.41%,11.0,6.7M,-19.49%,SYF,http://money.cnn.com/quote/quote.html?symb=SYF
Synopsys Inc,76.27,0.62,+0.82%,42.6,592.0K,+29.58%,SNPS,http://money.cnn.com/quote/quote.html?symb=SNPS
Sysco Corp,51.58,0.71,+1.40%,27.1,3.8M,-6.84%,SYY,http://money.cnn.com/quote/quote.html?symb=SYY
T. Rowe Price Group Inc,82.79,-0.06,-0.07%,14.2,1.1M,+10.01%,TROW,http://money.cnn.com/quote/quote.html?symb=TROW
Target,55.65,0.01,+0.02%,11.6,6.0M,-22.95%,TGT,http://money.cnn.com/quote/quote.html?symb=TGT
TE Connectivity,78.66,-0.13,-0.16%,--,1.1M,+13.54%,TEL,http://money.cnn.com/quote/quote.html?symb=TEL
Amazon,967.99,11.07,+1.16%,246.3,3.5M,+29.09%,AMZN,http://money.cnn.com/quote/quote.html?symb=AMZN
Ameren Corp,57.95,-0.59,-1.01%,20.3,1.1M,+10.47%,AEE,http://money.cnn.com/quote/quote.html?symb=AEE
American Airlines,48.35,-0.2,-0.41%,11.9,5.6M,+3.56%,AAL,http://money.cnn.com/quote/quote.html?symb=AAL
American Electric Power Company Inc,70.56,-0.8,-1.12%,60.8,2.0M,+12.07%,AEP,http://money.cnn.com/quote/quote.html?symb=AEP
American Express,84.29,-0.27,-0.32%,17.2,3.1M,+13.78%,AXP,http://money.cnn.com/quote/quote.html?symb=AXP
American Tower,136.68,-0.15,-0.11%,54.7,870.8K,+29.33%,AMT,http://money.cnn.com/quote/quote.html?symb=AMT
American Water Works Company Inc,80.72,-0.64,-0.79%,30.5,497.2K,+11.55%,AWK,http://money.cnn.com/quote/quote.html?symb=AWK
Ameriprise Financial Inc,143.36,-0.43,-0.30%,16.4,1.0M,+29.22%,AMP,http://money.cnn.com/quote/quote.html?symb=AMP
AmerisourceBergen Corp,80.02,1.14,+1.45%,20.8,2.2M,+2.34%,ABC,http://money.cnn.com/quote/quote.html?symb=ABC
Ametek Inc,62.58,-0.16,-0.26%,27.4,711.9K,+28.77%,AME,http://money.cnn.com/quote/quote.html?symb=AME
Amgen,169.43,0.32,+0.19%,15.4,1.6M,+15.88%,AMGN,http://money.cnn.com/quote/quote.html?symb=AMGN
Amphenol Corp,77.97,0.2,+0.26%,26.3,1.1M,+16.03%,APH,http://money.cnn.com/quote/quote.html?symb=APH
Anadarko Petroleum Corp,43.54,-0.16,-0.37%,NM,3.8M,-37.56%,APC,http://money.cnn.com/quote/quote.html?symb=APC
Analog Devices Inc,78.04,1.21,+1.57%,29.7,1.9M,+7.46%,ADI,http://money.cnn.com/quote/quote.html?symb=ADI
Andeavor,94.42,0.59,+0.63%,15.8,1.3M,+7.97%,ANDV,http://money.cnn.com/quote/quote.html?symb=ANDV
TechnipFMC PLC,26.42,-0.45,-1.67%,NM,2.1M,--,FTI,http://money.cnn.com/quote/quote.html?symb=FTI
Texas Instruments,80.89,0.53,+0.66%,20.2,3.4M,+10.85%,TXN,http://money.cnn.com/quote/quote.html?symb=TXN
Textron Inc,48.48,0.24,+0.50%,17.2,966.0K,-0.16%,TXT,http://money.cnn.com/quote/quote.html?symb=TXT
Thermo Fisher Scientific Inc,173.23,1.49,+0.87%,30.1,2.2M,+22.77%,TMO,http://money.cnn.com/quote/quote.html?symb=TMO
Tiffany & Co,90.29,0.95,+1.06%,25.1,910.8K,+16.61%,TIF,http://money.cnn.com/quote/quote.html?symb=TIF
Time Warner,101.9,-0.04,-0.04%,18.8,2.3M,+5.56%,TWX,http://money.cnn.com/quote/quote.html?symb=TWX
TJX Companies Inc,71.07,0.81,+1.15%,20.2,4.9M,-5.40%,TJX,http://money.cnn.com/quote/quote.html?symb=TJX
Torchmark Corp,78.16,-0.29,-0.37%,17.5,358.7K,+5.97%,TMK,http://money.cnn.com/quote/quote.html?symb=TMK
Total System Services Inc,63.06,-0.37,-0.58%,30.8,945.2K,+28.62%,TSS,http://money.cnn.com/quote/quote.html?symb=TSS
Tractor Supply Co,53.49,0.3,+0.56%,16.6,1.6M,-29.44%,TSCO,http://money.cnn.com/quote/quote.html?symb=TSCO
TransDigm Group Inc,274.36,0.98,+0.36%,31.1,193.6K,+10.20%,TDG,http://money.cnn.com/quote/quote.html?symb=TDG
Travelers Companies Inc,128.18,-1.51,-1.16%,12.8,1.5M,+4.71%,TRV,http://money.cnn.com/quote/quote.html?symb=TRV
TripAdvisor Inc,42.18,2.47,+6.22%,59.4,5.5M,-9.04%,TRIP,http://money.cnn.com/quote/quote.html?symb=TRIP
Twenty-First Century Fox,28.21,0.33,+1.18%,17.2,6.8M,+0.61%,FOXA,http://money.cnn.com/quote/quote.html?symb=FOXA
Twenty-First Century Fox,27.84,0.37,+1.35%,17.0,1.7M,+2.17%,FOX,http://money.cnn.com/quote/quote.html?symb=FOX
Tyco,38.67,-0.22,-0.57%,NM,2.9M,-6.12%,JCI,http://money.cnn.com/quote/quote.html?symb=JCI
Tyson Foods Inc,65.55,0.68,+1.05%,13.8,2.8M,+6.27%,TSN,http://money.cnn.com/quote/quote.html?symb=TSN
U.S. Bancorp,52.05,-0.33,-0.63%,15.7,4.4M,+1.32%,USB,http://money.cnn.com/quote/quote.html?symb=USB
UDR Inc,38.47,-0.33,-0.85%,33.8,721.3K,+5.46%,UDR,http://money.cnn.com/quote/quote.html?symb=UDR
Ulta Beauty Inc,251.05,4.18,+1.69%,35.3,385.9K,-1.53%,ULTA,http://money.cnn.com/quote/quote.html?symb=ULTA
Under Armour,18.55,-0.16,-0.86%,46.4,2.4M,-36.14%,UAA,http://money.cnn.com/quote/quote.html?symb=UAA
Under Armour,16.8,-0.02,-0.12%,42.0,2.0M,-33.25%,UA,http://money.cnn.com/quote/quote.html?symb=UA
Union Pacific,103.57,0.88,+0.86%,18.8,3.3M,-0.11%,UNP,http://money.cnn.com/quote/quote.html?symb=UNP
United Continental Holdings,65.87,0.63,+0.97%,9.2,3.5M,-9.62%,UAL,http://money.cnn.com/quote/quote.html?symb=UAL
United Rentals Inc,111.54,-0.08,-0.07%,16.3,982.7K,+5.65%,URI,http://money.cnn.com/quote/quote.html?symb=URI
United Technologies,116.89,0.13,+0.11%,17.9,2.1M,+6.63%,UTX,http://money.cnn.com/quote/quote.html?symb=UTX
UnitedHealth,193.02,0.45,+0.23%,23.2,2.2M,+20.61%,UNH,http://money.cnn.com/quote/quote.html?symb=UNH
Universal Health Services Inc,107.59,2.22,+2.11%,14.6,852.2K,+1.14%,UHS,http://money.cnn.com/quote/quote.html?symb=UHS
Unum Group,49.7,-0.24,-0.48%,12.0,743.8K,+13.13%,UNM,http://money.cnn.com/quote/quote.html?symb=UNM
UPS,111.44,0.52,+0.47%,27.3,2.1M,-2.79%,UPS,http://money.cnn.com/quote/quote.html?symb=UPS
Valero Energy,66.15,-0.05,-0.08%,16.3,2.3M,-3.18%,VLO,http://money.cnn.com/quote/quote.html?symb=VLO
Varian Medical Systems Inc,97.74,1.09,+1.13%,27.6,812.2K,+22.94%,VAR,http://money.cnn.com/quote/quote.html?symb=VAR
Ventas Inc,64.95,0.15,+0.23%,33.3,1.2M,+3.89%,VTR,http://money.cnn.com/quote/quote.html?symb=VTR
Verisign Inc,97.95,0.21,+0.21%,26.7,466.1K,+28.76%,VRSN,http://money.cnn.com/quote/quote.html?symb=VRSN
Verisk Analytics Inc,80.62,0.04,+0.05%,29.4,551.1K,-0.68%,VRSK,http://money.cnn.com/quote/quote.html?symb=VRSK
Verizon,48.06,0.04,+0.08%,12.4,10.4M,-9.97%,VZ,http://money.cnn.com/quote/quote.html?symb=VZ
Vertex Pharmaceuticals Inc,153.78,5.24,+3.53%,149.3,1.6M,+108.74%,VRTX,http://money.cnn.com/quote/quote.html?symb=VRTX
VF Corp,61.58,0.34,+0.56%,22.8,1.5M,+15.43%,VFC,http://money.cnn.com/quote/quote.html?symb=VFC
Viacom,30.66,0.59,+1.96%,8.5,3.7M,-12.65%,VIAB,http://money.cnn.com/quote/quote.html?symb=VIAB
Visa,100.09,0.6,+0.60%,37.2,5.3M,+28.29%,V,http://money.cnn.com/quote/quote.html?symb=V
Vornado Realty Trust,75.73,-0.91,-1.19%,16.5,863.2K,-10.22%,VNO,http://money.cnn.com/quote/quote.html?symb=VNO
Vulcan Materials Co,114.2,-0.51,-0.44%,37.8,1.1M,-8.75%,VMC,http://money.cnn.com/quote/quote.html?symb=VMC
W W Grainger Inc,163.82,0.3,+0.18%,18.8,485.5K,-29.46%,GWW,http://money.cnn.com/quote/quote.html?symb=GWW
Wal-Mart,80.4,-0.26,-0.32%,18.3,7.9M,+16.32%,WMT,http://money.cnn.com/quote/quote.html?symb=WMT
Walgreen,80.72,0.97,+1.22%,20.4,4.0M,-2.46%,WBA,http://money.cnn.com/quote/quote.html?symb=WBA
Waste Management Inc,74.61,-0.2,-0.27%,25.6,958.4K,+5.22%,WM,http://money.cnn.com/quote/quote.html?symb=WM
Waters Corp,177.03,1.37,+0.78%,26.7,414.7K,+31.73%,WAT,http://money.cnn.com/quote/quote.html?symb=WAT
WEC Energy Group Inc,63.84,-0.82,-1.27%,20.9,1.8M,+8.85%,WEC,http://money.cnn.com/quote/quote.html?symb=WEC
WellPoint,189.43,-0.29,-0.15%,17.9,1.2M,+31.76%,ANTM,http://money.cnn.com/quote/quote.html?symb=ANTM
Wells Fargo,51.94,-0.01,-0.02%,12.8,14.7M,-5.75%,WFC,http://money.cnn.com/quote/quote.html?symb=WFC
Welltower Inc,70.4,-0.2,-0.28%,21.9,1.3M,+5.18%,HCN,http://money.cnn.com/quote/quote.html?symb=HCN
Western Digital Corp,79.9,0.71,+0.90%,NM,3.4M,+17.59%,WDC,http://money.cnn.com/quote/quote.html?symb=WDC
Western Union Co,18.9,-0.01,-0.05%,46.1,3.2M,-12.98%,WU,http://money.cnn.com/quote/quote.html?symb=WU
WestRock Co,55.61,0.38,+0.69%,57.3,889.5K,+9.53%,WRK,http://money.cnn.com/quote/quote.html?symb=WRK
Weyerhaeuser Co,32.22,0.1,+0.31%,59.7,2.0M,+7.08%,WY,http://money.cnn.com/quote/quote.html?symb=WY
Whirlpool Corp,171.24,-0.5,-0.29%,17.2,611.0K,-5.79%,WHR,http://money.cnn.com/quote/quote.html?symb=WHR
Whole Foods Market Inc,41.75,-0.08,-0.19%,34.2,9.5M,+35.73%,WFM,http://money.cnn.com/quote/quote.html?symb=WFM
Williams Companies,30.08,0.03,+0.10%,49.3,2.4M,-3.40%,WMB,http://money.cnn.com/quote/quote.html?symb=WMB
Willis Towers Watson PLC,149.14,1.17,+0.79%,42.1,584.9K,+21.97%,WLTW,http://money.cnn.com/quote/quote.html?symb=WLTW
Wyndham Worldwide Corp,97.33,-0.27,-0.28%,18.1,1.1M,+27.45%,WYN,http://money.cnn.com/quote/quote.html?symb=WYN
Wynn Resorts,125.63,-0.39,-0.31%,47.1,1.2M,+45.22%,WYNN,http://money.cnn.com/quote/quote.html?symb=WYNN
Xcel Energy Inc,48.19,-0.45,-0.93%,21.2,1.8M,+18.40%,XEL,http://money.cnn.com/quote/quote.html?symb=XEL
Xerox,31.66,0.22,+0.70%,14.8,1.7M,+37.65%,XRX,http://money.cnn.com/quote/quote.html?symb=XRX
Xilinx Inc,62.42,0.65,+1.05%,26.7,2.0M,+3.40%,XLNX,http://money.cnn.com/quote/quote.html?symb=XLNX
XL Group Ltd,44.41,-0.09,-0.20%,14.7,951.6K,+19.19%,XL,http://money.cnn.com/quote/quote.html?symb=XL
Xylem Inc,59.12,0.14,+0.24%,38.1,506.1K,+19.39%,XYL,http://money.cnn.com/quote/quote.html?symb=XYL
Yum! Brands,75.56,0.2,+0.27%,27.9,2.2M,+19.31%,YUM,http://money.cnn.com/quote/quote.html?symb=YUM
Zimmer Biomet Holdings Inc,111.7,1.57,+1.43%,45.8,1.5M,+8.24%,ZBH,http://money.cnn.com/quote/quote.html?symb=ZBH
Zions Bancorp,44.11,-0.33,-0.74%,19.9,1.9M,+2.49%,ZION,http://money.cnn.com/quote/quote.html?symb=ZION
Zoetis Inc,59.73,-0.01,-0.02%,34.7,2.3M,+11.58%,ZTS,http://money.cnn.com/quote/quote.html?symb=ZTS
ANSYS Inc,122.95,0.24,+0.20%,39.5,324.1K,+32.93%,ANSS,http://money.cnn.com/quote/quote.html?symb=ANSS
Aon PLC,138.39,-0.46,-0.33%,36.1,708.8K,+24.08%,AON,http://money.cnn.com/quote/quote.html?symb=AON
Apache Corp,42.39,-0.22,-0.52%,706.5,2.5M,-33.21%,APA,http://money.cnn.com/quote/quote.html?symb=APA
Apartment Investment and Management Co,45.55,-0.19,-0.42%,252.1,667.7K,+0.22%,AIV,http://money.cnn.com/quote/quote.html?symb=AIV
Apple,157.48,2.16,+1.39%,17.8,26.3M,+35.97%,AAPL,http://money.cnn.com/quote/quote.html?symb=AAPL
Applied Materials Inc,43.08,1.05,+2.50%,17.9,10.8M,+33.50%,AMAT,http://money.cnn.com/quote/quote.html?symb=AMAT
Archer Daniels Midland Co,41.26,-0.86,-2.04%,17.5,3.8M,-9.62%,ADM,http://money.cnn.com/quote/quote.html?symb=ADM
Arthur J Gallagher & Co,58.42,-0.19,-0.32%,23.6,546.2K,+12.43%,AJG,http://money.cnn.com/quote/quote.html?symb=AJG
Assurant Inc,102.54,-0.45,-0.44%,13.2,168.6K,+10.42%,AIZ,http://money.cnn.com/quote/quote.html?symb=AIZ
AT&T,38.1,-0.09,-0.24%,18.0,13.3M,-10.42%,T,http://money.cnn.com/quote/quote.html?symb=T
Autodesk Inc,108.01,3.03,+2.89%,NM,1.5M,+45.94%,ADSK,http://money.cnn.com/quote/quote.html?symb=ADSK
Automatic Data Processing Inc,108.81,-0.09,-0.08%,28.3,4.6M,+5.87%,ADP,http://money.cnn.com/quote/quote.html?symb=ADP
Autozone Inc,533.94,8.42,+1.60%,12.4,373.2K,-32.39%,AZO,http://money.cnn.com/quote/quote.html?symb=AZO
AvalonBay Communities,188.51,-0.54,-0.29%,26.0,397.8K,+6.41%,AVB,http://money.cnn.com/quote/quote.html?symb=AVB
Avery Dennison Corp,93.02,1.09,+1.19%,21.8,503.0K,+32.47%,AVY,http://money.cnn.com/quote/quote.html?symb=AVY
Baker Hughes A GE Co,34.29,-0.41,-1.18%,NM,1.2M,-24.23%,BHGE,http://money.cnn.com/quote/quote.html?symb=BHGE
Ball Corp,40.16,0.11,+0.27%,27.6,1.7M,+6.99%,BLL,http://money.cnn.com/quote/quote.html?symb=BLL
Bank of America,23.86,-0.26,-1.08%,14.1,68.2M,+7.96%,BAC,http://money.cnn.com/quote/quote.html?symb=BAC
Bank of New York,52.19,0.24,+0.46%,15.5,5.9M,+10.15%,BK,http://money.cnn.com/quote/quote.html?symb=BK
Baxter International Inc,59.84,0.13,+0.22%,36.3,2.2M,+34.96%,BAX,http://money.cnn.com/quote/quote.html?symb=BAX
BB&T Corp,46.31,-0.37,-0.79%,17.3,4.6M,-1.51%,BBT,http://money.cnn.com/quote/quote.html?symb=BBT
Becton Dickinson and Co,200.36,2.14,+1.08%,58.2,1.3M,+21.03%,BDX,http://money.cnn.com/quote/quote.html?symb=BDX
Berkshire Hathaway,175.34,-1.02,-0.58%,19.8,2.6M,+7.58%,BRK.B,http://money.cnn.com/quote/quote.html?symb=BRK.B
Best Buy Co Inc,60.07,0.29,+0.49%,16.5,2.2M,+40.78%,BBY,http://money.cnn.com/quote/quote.html?symb=BBY
Biogen,283.68,2.53,+0.90%,18.6,727.2K,+8.60%,BIIB,http://money.cnn.com/quote/quote.html?symb=BIIB
BlackRock,424.16,1.47,+0.35%,20.8,807.1K,+11.46%,BLK,http://money.cnn.com/quote/quote.html?symb=BLK
Boeing,234.88,2.0,+0.86%,20.7,3.5M,+50.87%,BA,http://money.cnn.com/quote/quote.html?symb=BA
BorgWarner Inc,44.66,-0.24,-0.53%,48.0,1.4M,+13.24%,BWA,http://money.cnn.com/quote/quote.html?symb=BWA
Boston Properties,120.05,-1.22,-1.01%,45.7,564.8K,-4.56%,BXP,http://money.cnn.com/quote/quote.html?symb=BXP
Boston Scientific Corp,26.41,0.15,+0.57%,46.9,3.3M,+22.10%,BSX,http://money.cnn.com/quote/quote.html?symb=BSX
Brighthouse Financial Inc,57.97,-0.53,-0.91%,NM,1.8M,--,BHF,http://money.cnn.com/quote/quote.html?symb=BHF
Bristol-Myers Squibb,56.73,0.14,+0.25%,20.7,4.1M,-2.93%,BMY,http://money.cnn.com/quote/quote.html?symb=BMY
Broadcom Ltd,244.17,3.46,+1.44%,--,1.7M,+38.13%,AVGO,http://money.cnn.com/quote/quote.html?symb=AVGO
Brown-Forman Corp,48.44,0.4,+0.83%,28.3,750.0K,+7.84%,BFB,http://money.cnn.com/quote/quote.html?symb=BFB
C R Bard Inc,319.75,0.62,+0.19%,42.0,330.2K,+42.33%,BCR,http://money.cnn.com/quote/quote.html?symb=BCR
C.H. Robinson Worldwide Inc,65.63,-0.48,-0.73%,19.2,1.3M,-10.41%,CHRW,http://money.cnn.com/quote/quote.html?symb=CHRW
CA Inc,31.99,-0.06,-0.19%,17.8,2.4M,+0.69%,CA,http://money.cnn.com/quote/quote.html?symb=CA
Cabot Oil & Gas Corp,24.61,0.03,+0.12%,NM,3.6M,+5.35%,COG,http://money.cnn.com/quote/quote.html?symb=COG
Campbell Soup Co,53.61,0.36,+0.68%,33.7,1.5M,-11.34%,CPB,http://money.cnn.com/quote/quote.html?symb=CPB
Capital One Financial,82.8,-0.26,-0.31%,12.0,2.0M,-5.09%,COF,http://money.cnn.com/quote/quote.html?symb=COF
Cardinal Health Inc,66.98,-0.33,-0.49%,16.0,1.8M,-6.93%,CAH,http://money.cnn.com/quote/quote.html?symb=CAH
Carmax Inc,64.42,0.49,+0.77%,18.5,944.4K,+0.05%,KMX,http://money.cnn.com/quote/quote.html?symb=KMX
Carnival Corp,67.48,0.1,+0.15%,18.0,3.3M,+29.62%,CCL,http://money.cnn.com/quote/quote.html?symb=CCL
Caterpillar,112.85,-0.3,-0.27%,705.3,2.1M,+21.68%,CAT,http://money.cnn.com/quote/quote.html?symb=CAT
CBOE Holdings Inc,96.23,-0.44,-0.46%,51.7,540.0K,+30.23%,CBOE,http://money.cnn.com/quote/quote.html?symb=CBOE
CBRE Group Inc,35.77,0.12,+0.34%,19.5,1.5M,+13.59%,CBG,http://money.cnn.com/quote/quote.html?symb=CBG
CBS,66.71,0.52,+0.79%,17.8,2.8M,+4.86%,CBS,http://money.cnn.com/quote/quote.html?symb=CBS
Celgene,130.61,0.24,+0.18%,40.6,2.7M,+12.84%,CELG,http://money.cnn.com/quote/quote.html?symb=CELG
Centene Corp,82.14,0.73,+0.90%,17.8,767.7K,+45.35%,CNC,http://money.cnn.com/quote/quote.html?symb=CNC
CenterPoint Energy Inc,28.82,-0.31,-1.06%,20.6,2.0M,+16.96%,CNP,http://money.cnn.com/quote/quote.html?symb=CNP
CenturyLink,21.66,-0.02,-0.09%,31.4,6.8M,-8.92%,CTL,http://money.cnn.com/quote/quote.html?symb=CTL
Cerner Corp,62.11,0.51,+0.83%,31.4,1.2M,+31.12%,CERN,http://money.cnn.com/quote/quote.html?symb=CERN
CF Industries Holdings Inc,30.51,-0.25,-0.81%,NM,3.9M,-3.08%,CF,http://money.cnn.com/quote/quote.html?symb=CF
Charles Schwab,40.65,0.04,+0.10%,27.3,4.9M,+2.99%,SCHW,http://money.cnn.com/quote/quote.html?symb=SCHW
Charter Communications Inc,394.49,-4.19,-1.05%,NM,2.4M,+37.01%,CHTR,http://money.cnn.com/quote/quote.html?symb=CHTR
Chesapeake Energy,4.14,0.0,0.00%,NM,32.3M,-41.03%,CHK,http://money.cnn.com/quote/quote.html?symb=CHK
Chevron,109.23,-0.88,-0.80%,35.5,3.4M,-7.20%,CVX,http://money.cnn.com/quote/quote.html?symb=CVX
Chipotle,326.41,3.76,+1.17%,69.2,968.2K,-13.49%,CMG,http://money.cnn.com/quote/quote.html?symb=CMG
Chubb Ltd,146.44,-1.89,-1.27%,16.9,2.1M,+10.84%,CB,http://money.cnn.com/quote/quote.html?symb=CB
Church & Dwight Co Inc,49.62,0.04,+0.08%,29.4,1.3M,+12.29%,CHD,http://money.cnn.com/quote/quote.html?symb=CHD
Cigna Corp,174.38,-0.98,-0.56%,20.1,1.2M,+30.73%,CI,http://money.cnn.com/quote/quote.html?symb=CI
Cimarex Energy Co,97.52,-0.26,-0.27%,NM,823.0K,-28.24%,XEC,http://money.cnn.com/quote/quote.html?symb=XEC
Cincinnati Financial Corp,79.0,-0.62,-0.78%,22.6,359.7K,+4.29%,CINF,http://money.cnn.com/quote/quote.html?symb=CINF
Cintas Corp,130.33,-0.48,-0.37%,31.3,474.6K,+12.78%,CTAS,http://money.cnn.com/quote/quote.html?symb=CTAS
Cisco,31.47,0.47,+1.52%,16.0,20.8M,+4.14%,CSCO,http://money.cnn.com/quote/quote.html?symb=CSCO
Citigroup,66.8,-0.42,-0.62%,13.3,15.2M,+12.40%,C,http://money.cnn.com/quote/quote.html?symb=C
Citizens Financial Group Inc,33.39,-0.32,-0.95%,14.3,4.2M,-6.29%,CFG,http://money.cnn.com/quote/quote.html?symb=CFG
Citrix Systems Inc,74.61,-0.06,-0.08%,21.9,1.3M,+4.91%,CTXS,http://money.cnn.com/quote/quote.html?symb=CTXS
Clorox Co,134.31,0.37,+0.28%,26.5,526.3K,+11.91%,CLX,http://money.cnn.com/quote/quote.html?symb=CLX
CME Group Inc,123.26,-0.93,-0.75%,25.2,650.8K,+6.86%,CME,http://money.cnn.com/quote/quote.html?symb=CME
CMS Energy Corp,47.31,-0.17,-0.36%,23.9,1.2M,+13.67%,CMS,http://money.cnn.com/quote/quote.html?symb=CMS
Coach Inc,47.55,0.46,+0.98%,25.7,2.7M,+35.78%,COH,http://money.cnn.com/quote/quote.html?symb=COH
Coca-Cola,45.59,-0.15,-0.33%,48.0,8.4M,+9.96%,KO,http://money.cnn.com/quote/quote.html?symb=KO
Cognizant Technology Solutions Corp,70.61,0.6,+0.86%,22.6,3.5M,+26.02%,CTSH,http://money.cnn.com/quote/quote.html?symb=CTSH
Colgate-Palmolive,71.26,-0.29,-0.41%,26.5,2.0M,+8.89%,CL,http://money.cnn.com/quote/quote.html?symb=CL
Comcast,41.11,0.38,+0.93%,20.7,16.7M,+19.07%,CMCSA,http://money.cnn.com/quote/quote.html?symb=CMCSA
Comerica Inc,70.21,-0.6,-0.85%,17.6,1.4M,+3.08%,CMA,http://money.cnn.com/quote/quote.html?symb=CMA
Conagra Brands Inc,34.8,0.74,+2.17%,27.8,3.3M,-12.01%,CAG,http://money.cnn.com/quote/quote.html?symb=CAG
Concho Resources Inc,115.41,-0.68,-0.59%,25.8,1.1M,-12.96%,CXO,http://money.cnn.com/quote/quote.html?symb=CXO
ConocoPhillips,44.79,-0.18,-0.40%,NM,4.2M,-10.67%,COP,http://money.cnn.com/quote/quote.html?symb=COP
Consolidated Edison Inc,82.87,-0.77,-0.92%,20.0,1.5M,+12.47%,ED,http://money.cnn.com/quote/quote.html?symb=ED
Constellation Brands Inc,195.65,0.96,+0.49%,24.5,897.8K,+27.62%,STZ,http://money.cnn.com/quote/quote.html?symb=STZ
Cooper Companies Inc,240.92,0.93,+0.39%,36.1,286.2K,+37.72%,COO,http://money.cnn.com/quote/quote.html?symb=COO
Corning,28.98,0.41,+1.44%,13.2,3.7M,+19.41%,GLW,http://money.cnn.com/quote/quote.html?symb=GLW
Costco,156.65,0.01,+0.01%,27.2,1.9M,+1.79%,COST,http://money.cnn.com/quote/quote.html?symb=COST
Coty Inc,19.48,0.02,+0.10%,NM,2.6M,+6.39%,COTY,http://money.cnn.com/quote/quote.html?symb=COTY
Crown Castle International Corp,100.85,0.14,+0.14%,80.0,2.0M,+16.23%,CCI,http://money.cnn.com/quote/quote.html?symb=CCI
CSRA Inc,32.23,-0.12,-0.37%,17.5,1.0M,+1.22%,CSRA,http://money.cnn.com/quote/quote.html?symb=CSRA
CSX Corp,50.27,0.43,+0.86%,26.3,4.8M,+39.91%,CSX,http://money.cnn.com/quote/quote.html?symb=CSX
Cummins Inc,155.65,-0.18,-0.12%,17.6,1.6M,+13.89%,CMI,http://money.cnn.com/quote/quote.html?symb=CMI
